{
  "project_info": {
    "project_number": "",
    "firebase_url": "",
    "project_id": "mynewproject-fd01b",
    "storage_bucket": ""
  },
  "client": [
    {
      "client_info": {
        "mobilesdk_app_id": "1:907424253905:android:260b33d1054dccda",
        "android_client_info": {
          "package_name": "com.example.loginapp"
        }
      },
      "oauth_client": [
        {
          "client_id": "",
          "client_type": 3
        }
      ],
      "api_key": [
        {
          "current_key": "your_google_maps_key"
        }
      ],
      "services": {
        "appinvite_service": {
          "other_platform_oauth_client": [
            {
              "client_id": "",
              "client_type": 3
            }
          ]
        }
      }
    }
  ],
  "configuration_version": "1"
}